player_id,name,position,xwar,cost
682928,CJ Abrams,SS,3.831,0.828
547989,Jos\xc3\xa9 Abreu,1B,-2.701,6.16
677800,Wilyer Abreu,LF,3.15,0.586
682668,Luisangel Acu\xc3\xb1a,SS,1.62,1.273
660670,Ronald Acu\xc3\xb1a Jr.,RF,0.937,1.465
642715,Willy Adames,SS,2.314,5.373
677941,Jordyn Adams,CF,0.139,0.769
656180,Riley Adams,C,0.302,0.955
666176,Jo Adell,RF,1.701,0.703
501303,Ehire Adrianza,SS,0.086,1.865
605113,Nick Ahmed,SS,-0.47,5.739
645277,Ozzie Albies,2B,2.646,1.402
677942,Blaze Alexander,SS,0.362,0.683
669397,Nick Allen,SS,0.669,0.669
624413,Pete Alonso,1B,2.333,18.965
514888,Jose Altuve,2B,1.834,16.99
669137,Armando Alvarez,3B,-0.749,0.643
682626,Francisco Alvarez,C,0.789,0.627
805373,Nacho Alvarez Jr.,RF,-1.001,0.163
670541,Yordan Alvarez,DH,5.592,9.043
691182,Adael Amador,SS,-0.399,0.597
676070,Jacob Amaya,SS,0.53,0.724
665804,Miguel Amaya,C,1.087,0.55
641313,Tim Anderson,SS,-0.787,3.801
609280,Miguel Andujar,3B,0.577,5.521
666018,Jonathan Aranda,1B,0.86,0.841
606115,Orlando Arcia,2B,0.644,10.056
571448,Nolan Arenado,3B,1.111,10.822
672356,Gabriel Arias,SS,0.237,0.608
668227,Randy Arozarena,LF,2.694,11.246
650333,Luis Arr\xc3\xa1ez,2B,1.156,4.012
640492,Jos\xc3\xa9 Azocar,LF,-0.495,0.665
668731,Akil Baddoo,LF,-0.162,0.762
664056,Harrison Bader,CF,0.592,2.212
678225,Ji Hwan Bae,CF,0.485,0.698
595879,Javier B\xc3\xa1ez,SS,-0.347,5.318
672275,Patrick Bailey,C,2.22,0.948
671117,Darren Baker,2B,0.277,0.591
663609,Luken Baker,1B,-0.389,0.795
681460,Brooks Baldwin,3B,0.921,0.725
680718,Addison Barger,3B,1.074,0.718
605131,Austin Barnes,C,-0.411,3.722
571466,Tucker Barnhart,C,-0.523,2.826
678489,Jorge Barrosa,RF,0.519,0.471
663698,Joey Bart,C,1.542,0.891
683146,Brett Baty,3B,0.811,0.858
641343,Jake Bauers,1B,-0.015,3.156
687597,Jordan Beck,LF,0.351,0.681
605137,Josh Bell,1B,-0.33,12.273
641355,Cody Bellinger,CF,2.448,4.056
643217,Andrew Benintendi,LF,-0.244,4.502
666181,Will Benson,CF,-0.942,1.005
672642,Steward Berroa,RF,0.793,0.661
542932,Jon Berti,SS,0.523,4.333
542194,Christian Bethancourt,C,-0.52,0.654
605141,Mookie Betts,RF,3.758,16.823
666182,Bo Bichette,SS,1.143,1.186
624415,Cavan Biggio,2B,0.215,1.602
672012,Tyler Black,2B,0.514,0.689
453568,Charlie Blackmon,DH,-0.412,5.282
680118,Dairon Blanco,LF,-0.237,1.13
663905,Travis Blankenhorn,3B,-1.101,0.653
668709,JJ Bleday,CF,1.905,2.171
669208,Ryan Bliss,SS,0.993,0.681
593428,Xander Bogaerts,SS,1.533,5.816
664761,Alec Bohm,1B,3.138,3.552
623520,David Bote,2B,-0.525,0.619
656248,Sean Bouchard,1B,-0.459,1.018
608324,Alex Bregman,3B,3.285,16.698
686823,Will Brennan,RF,0.363,2.273
681146,Jonah Bride,3B,0.99,3.387
670092,Trenton Brooks,1B,-0.396,0.631
664913,Seth Brown,RF,-0.697,5.869
660644,Vidal Bruj\xc3\xa1n,2B,1.407,0.756
592178,Kris Bryant,RF,-1.081,7.437
669394,Jake Burger,3B,0.891,17.531
676475,Alec Burleson,RF,1.699,0.806
683737,Michael Busch,2B,2.356,1.595
671732,Lawrence Butler,RF,2.775,0.814
621439,Byron Buxton,CF,3.636,7.243
676609,Jos\xc3\xa9 Caballero,SS,1.268,0.704
663550,Trey Cabbage,3B,0.035,0.853
665828,Oswaldo Cabrera,LF,1.307,0.708
641432,Willie Calhoun,LF,-0.113,1.966
669743,Alex Call,LF,1.856,2.586
663662,Daz Cameron,LF,-0.093,0.786
691406,Junior Caminero,SS,1.662,0.973
672569,Gustavo Campero,CF,0.098,0.799
669134,Luis Campusano,C,-0.259,0.704
672744,Alexander Canario,RF,0.788,0.464
600869,Jeimer Candelario,3B,-1.091,7.68
592192,Mark Canha,LF,0.09,4.607
686527,Dominic Canzone,RF,0.685,0.773
605170,Victor Caratini,C,0.335,1.38
666185,Dylan Carlson,CF,-0.392,0.68
681481,Kerry Carpenter,LF,1.416,0.845
572761,Matt Carpenter,3B,-1.246,1.807
682998,Corbin Carroll,RF,4.242,0.773
694497,Evan Carter,LF,2.109,0.926
592200,Curt Casali,C,-0.726,3.113
671213,Triston Casas,1B,0.748,0.772
592206,Nick Castellanos,RF,0.157,5.536
650489,Willi Castro,SS,1.394,2.25
595909,Jake Cave,LF,-1.494,7.138
665953,Andr\xc3\xa9s Chaparro,DH,0.389,0.745
656305,Matt Chapman,3B,5.369,16.06
665862,Jazz Chisholm Jr.,CF,2.932,3.107
694192,Jackson Chourio,LF,4.089,0.823
682729,Jonatan Clase,CF,0.809,0.721
665019,Kody Clemens,2B,0.329,0.865
676391,Ernie Clement,2B,2.308,1.069
693049,Oscar Col\xc3\xa1s,RF,0.391,0.726
686555,Isaac Collins,2B,-0.648,0.733
624424,Michael Conforto,RF,1.642,3.681
665052,Griffin Conine,RF,1.113,0.883
661388,William Contreras,C,4.547,4.34
575929,Willson Contreras,C,2.56,17.577
695257,Billy Cook,RF,1.403,0.749
643265,Garrett Cooper,1B,-1.415,3.366
621043,Carlos Correa,SS,2.583,14.209
681297,Colton Cowser,LF,2.424,0.844
543063,Brandon Crawford,SS,-1.159,3.026
641487,J.P. Crawford,SS,2.869,4.958
686611,Dylan Crews,RF,2.1,0.744
630105,Jake Cronenworth,1B,1.898,9.674
691718,Pete Crow-Armstrong,CF,3.301,0.692
665833,Oneil Cruz,SS,3.005,0.842
518595,Travis d\'Arnaud,C,0.323,7.385
621311,David Dahl,DH,0.362,0.99
666915,Bobby Dalbec,1B,-0.854,1.44
680779,Henry Davis,C,0.185,0.706
605204,J.D. Davis,3B,-0.563,2.987
650559,Bryan De La Cruz,LF,-0.272,2.662
682829,Elly De La Cruz,SS,4.644,1.903
665782,Luis De Los Santos,SS,0.213,0.748
657557,Paul DeJong,SS,-0.105,2.01
680728,Adrian Del Castillo,C,0.656,0.681
641511,Jason Delay,C,0.323,0.967
676113,Zach DeLoach,RF,0.511,0.737
676356,Jonny DeLuca,LF,1.286,0.698
646240,Rafael Devers,3B,3.927,8.543
701305,Zach Dezenzo,SS,0.205,0.747
649557,Aledmys D\xc3\xadaz,SS,-1.64,1.149
553869,Elias D\xc3\xadaz,C,0.088,7.457
673237,Yainer Diaz,C,3.474,0.797
650490,Yandy D\xc3\xadaz,1B,1.529,12.745
693307,Dillon Dingler,C,0.0,0.701
691176,Jasson Dom\xc3\xadnguez,CF,0.855,0.714
680977,Brendan Donovan,2B,2.437,6.422
686668,Brenton Doyle,CF,3.131,3.439
686482,Logan Driscoll,C,-0.125,0.799
592273,Brandon Drury,3B,-0.323,6.478
643289,Mauricio Dub\xc3\xb3n,2B,0.495,2.095
694362,Blake Dunn,RF,0.101,0.258
686554,Oliver Dunn,2B,0.646,0.755
677649,Ezequiel Duran,2B,0.844,0.667
680776,Jarren Duran,CF,6.383,13.853
594807,Adam Duvall,RF,-1.1,6.301
669242,Tommy Edman,SS,0.887,2.232
669364,Xavier Edwards,SS,2.559,0.694
666464,Jerar Encarnacion,LF,0.109,1.328
687952,Christian Encarnacion-Strand,3B,-0.563,0.694
669289,Santiago Espinal,3B,-0.509,4.044
642731,Thairo Estrada,2B,0.075,3.486
656413,Stuart Fairchild,CF,0.55,1.056
571657,Kyle Farmer,SS,-0.679,2.993
676439,Hunter Feduccia,C,0.439,0.247
666023,Freddy Fermin,C,1.947,4.318
665877,Jos\xc3\xa9 Ferm\xc3\xadn,2B,-0.066,0.702
666149,Tyler Fitzgerald,SS,2.126,0.893
666150,Dominic Fletcher,RF,0.395,0.811
527038,Wilmer Flores,1B,-0.684,4.416
664314,Estevan Florial,LF,0.596,0.879
645801,Mike Ford,1B,-1.722,1.421
663743,Nick Fortes,C,0.5,0.892
679822,Justin Foscue,2B,-0.871,0.7
641584,Jake Fraley,RF,-0.71,2.404
664034,Ty France,1B,0.268,8.315
624428,Adam Frazier,2B,-0.193,1.079
518692,Freddie Freeman,1B,2.608,7.255
671289,Tyler Freeman,SS,2.321,0.53
686217,Sal Frelick,SS,2.026,0.791
670770,TJ Friedl,CF,0.154,10.435
681807,David Fry,C,0.674,1.557
608336,Joey Gallo,1B,0.271,1.403
592325,Ben Gamel,RF,-0.162,1.056
666969,Adolis Garc\xc3\xada,RF,0.636,4.068
541645,Avisa\xc3\xadl Garc\xc3\xada,RF,-0.747,0.683
671277,Luis Garc\xc3\xada Jr.,2B,2.317,0.868
672580,Maikel Garcia,SS,2.183,0.734
641598,Mitch Garver,C,-0.158,6.762
681508,Mickey Gasper,1B,-0.307,0.887
680869,Zack Gelof,3B,1.494,1.723
665926,Andr\xc3\xa9s Gim\xc3\xa9nez,2B,3.33,0.855
502671,Paul Goldschmidt,1B,1.54,3.798
543228,Yan Gomes,C,-1.682,4.432
693304,Nick Gonzales,SS,2.008,0.786
663853,Romy Gonzalez,2B,0.714,0.822
696100,Hunter Goodman,C,-0.173,0.745
592348,Niko Goodrum,2B,-2.224,0.779
624503,Nick Gordon,SS,-0.911,1.9
669357,Nolan Gorman,3B,0.456,0.692
518735,Yasmani Grandal,C,-0.618,8.348
656484,Tristan Gray,SS,0.055,0.711
682985,Riley Greene,CF,3.814,2.377
545341,Randal Grichuk,RF,0.409,1.321
663757,Trent Grisham,CF,0.49,0.828
687093,Vaughn Grissom,SS,0.608,0.733
543257,Robbie Grossman,RF,-0.352,3.348
665489,Vladimir Guerrero Jr.,1B,5.949,5.351
641645,Luis Guillorme,SS,0.144,0.881
666971,Lourdes Gurriel Jr.,LF,1.44,5.153
493329,Yuli Gurriel,RF,-0.774,8.23
606992,Eric Haase,C,-0.014,0.782
664059,Sam Haggerty,2B,-0.833,0.272
666152,David Hamilton,SS,2.627,0.786
641658,Garrett Hampson,SS,0.278,0.865
571745,Mitch Haniger,LF,-0.212,5.874
664023,Ian Happ,LF,2.735,13.428
547180,Bryce Harper,1B,3.658,13.929
695391,Brett Harris,3B,0.046,1.214
671739,Michael Harris II,CF,3.356,0.734
663647,Ke\'Bryan Hayes,3B,1.53,0.631
669720,Austin Hays,LF,0.243,2.066
595978,Austin Hedges,C,-1.293,1.644
641680,Jonah Heim,C,1.045,2.013
623168,Tyler Heineman,C,0.397,0.846
683002,Gunnar Henderson,SS,6.124,1.481
682073,David Hensley,SS,-0.493,0.579
687231,Darell Hernaiz,SS,0.207,0.695
571771,Enrique Hern\xc3\xa1ndez,SS,0.94,4.696
606192,Teoscar Hern\xc3\xa1ndez,RF,1.695,9.415
671056,Iv\xc3\xa1n Herrera,C,1.734,0.722
645444,Jos\xc3\xa9 Herrera,C,-0.508,0.73
518792,Jason Heyward,RF,0.291,4.316
543305,Aaron Hicks,CF,-1.694,1.83
543309,Kyle Higashioka,C,-0.335,5.027
656537,Derek Hill,LF,0.287,1.221
656541,Sam Hilliard,CF,0.182,0.681
677956,Rece Hinds,RF,1.319,0.704
669374,Keston Hiura,2B,-1.297,0.359
663538,Nico Hoerner,2B,2.735,7.004
702616,Jackson Holliday,2B,1.28,0.734
687462,Spencer Horwitz,1B,1.227,0.8
656555,Rhys Hoskins,DH,-0.435,7.771
674441,Jacob Hurtubise,CF,-0.141,0.897
628451,Andy Ib\xc3\xa1\xc3\xb1ez,2B,0.349,1.22
578428,Jose Iglesias,3B,1.825,19.709
663697,Jonathan India,2B,1.845,3.292
664728,Kyle Isbel,CF,0.994,0.876
656577,Alex Jackson,C,-0.11,0.668
608671,Travis Jankowski,LF,-0.258,4.024
643376,Danny Jansen,C,0.918,4.83
680777,Ryan Jeffers,C,1.153,1.473
650391,Eloy Jim\xc3\xa9nez,DH,0.72,0.902
677870,Leo Jimenez,RF,1.839,0.727
656582,Connor Joe,LF,-0.053,6.577
669369,Bryce Johnson,CF,-0.471,0.817
663330,Jahmai Jones,2B,-0.017,0.781
666134,Nolan Jones,3B,0.685,0.861
592450,Aaron Judge,CF,7.612,26.004
666397,Edouard Julien,2B,0.534,0.754
667452,Corey Julks,CF,-0.383,1.173
690291,Jace Jung,3B,-0.069,0.652
673962,Josh Jung,3B,0.748,1.617
694359,Niko Kavadas,1B,-0.035,0.698
680577,DaShawn Keirsey Jr.,LF,0.136,0.222
690993,Colt Keith,2B,1.021,0.658
672284,Jarred Kelenic,LF,0.948,0.718
608348,Carson Kelly,C,0.07,6.133
671083,Buddy Kennedy,3B,0.613,0.53
596146,Max Kepler,RF,0.756,2.917
666197,Grae Kessinger,SS,-0.349,0.331
595281,Kevin Kiermaier,CF,0.054,4.347
673490,Ha-Seong Kim,2B,2.231,2.218
643396,Isiah Kiner-Falefa,SS,1.991,4.134
666135,Alex Kirilloff,1B,-0.025,0.79
672386,Alejandro Kirk,C,2.202,0.517
677008,Heston Kjerstad,CF,0.688,0.669
668800,Andrew Knizner,C,-1.358,1.691
668952,Ryan Kreidler,SS,-0.268,0.721
680757,Steven Kwan,LF,2.565,4.987
669127,Shea Langeliers,C,2.655,1.41
694671,Wyatt Langford,LF,4.685,1.171
663616,Trevor Larnach,RF,1.627,0.638
657656,Ram\xc3\xb3n Laureano,LF,0.971,3.021
641779,Charles Leblanc,SS,0.334,0.712
686797,Brooks Lee,SS,0.592,0.843
808982,Jung Hoo Lee,CF,1.163,0.836
686676,Korey Lee,C,0.125,0.742
518934,DJ LeMahieu,CF,-1.32,5.546
694175,Pedro Le\xc3\xb3n,RF,-0.744,0.702
668904,Royce Lewis,SS,1.255,0.792
596019,Francisco Lindor,SS,5.329,27.793
702358,Trey Lipscomb,3B,0.854,0.707
682988,Tyler Locklear,1B,0.042,0.692
663604,Brandon Lockridge,LF,0.029,0.553
679845,Nick Loftin,SS,0.769,0.666
694388,Joey Loperfido,LF,1.265,0.852
605346,Jack L\xc3\xb3pez,SS,-0.384,0.987
670032,Nicky Lopez,3B,-0.442,3.247
672640,Otto Lopez,SS,3.081,0.716
664040,Brandon Lowe,2B,1.919,4.272
666139,Josh Lowe,RF,1.519,0.739
663993,Nathaniel Lowe,1B,1.295,4.643
682617,Marco Luciano,SS,0.334,0.701
664770,Nathan Lukes,CF,1.842,2.74
666158,Gavin Lux,2B,1.605,1.302
592518,Manny Machado,3B,2.402,17.875
663611,Nick Madrigal,2B,-0.534,0.651
676632,Bligh Madris,CF,0.361,0.836
571912,Luke Maile,C,-0.87,1.886
455117,Mart\xc3\xadn Maldonado,C,-2.026,2.335
669234,Justyn-Henry Malloy,DH,-0.01,0.683
700932,Kyle Manzardo,DH,0.221,0.688
665561,Rafael March\xc3\xa1n,C,1.552,1.27
622534,Manuel Margot,RF,0.091,3.363
669016,Brandon Marsh,CF,1.444,1.816
606466,Ketel Marte,2B,5.002,30.54
682622,Noelvi Marte,SS,-0.309,0.792
516782,Starling Marte,RF,0.014,9.207
668885,Austin Martin,SS,0.106,0.69
682657,Angel Mart\xc3\xadnez,DH,1.089,1.025
502110,J.D. Martinez,DH,-0.028,5.46
605361,Nick Martini,RF,-0.86,2.7
686681,Michael Massey,2B,1.962,0.85
670156,Miles Mastrobuoni,LF,-0.085,0.813
622761,Jorge Mateo,SS,1.398,1.567
682641,Luis Matos,RF,0.714,0.748
691723,Coby Mayo,3B,-0.477,1.178
543510,James McCann,C,-0.255,9.187
668832,Kyle McCann,C,0.016,0.706
664983,Jake McCarthy,RF,0.871,1.207
676801,Chas McCormick,CF,-0.271,1.784
669200,Mason McCoy,SS,0.019,0.711
687529,Grant McCray,CF,0.961,0.725
457705,Andrew McCutchen,RF,0.332,5.282
624512,Reese McGuire,C,-0.2,1.23
663630,Ryan McKenna,CF,0.286,0.763
641856,Billy McKinney,LF,-0.007,0.566
656716,Zach McKinstry,2B,0.731,2.522
641857,Ryan McMahon,3B,2.171,12.558
643446,Jeff McNeil,2B,0.9,3.681
678554,Curtis Mead,3B,0.07,0.744
678009,Parker Meadows,CF,2.595,0.704
669004,MJ Melendez,RF,1.041,0.706
664901,Danny Mendick,2B,-0.345,1.258
608841,Joey Meneses,DH,-0.37,11.438
593160,Whit Merrifield,2B,0.55,6.928
701538,Jackson Merrill,CF,3.715,1.035
670223,Matt Mervis,1B,-0.945,0.208
676694,Jake Meyers,CF,1.634,1.245
686452,Drew Millas,C,0.993,0.794
680911,Owen Miller,SS,-0.779,0.501
669304,Jos\xc3\xa9 Miranda,SS,1.937,1.92
670224,Kameron Misner,CF,-0.718,0.243
669003,Garrett Mitchell,RF,2.596,0.692
655316,Andruw Monasterio,SS,0.178,0.844
660162,Yo\xc3\xa1n Moncada,3B,0.688,0.584
666160,Mickey Moniak,CF,0.6,1.231
660707,Elehuris Montero,3B,-0.733,0.792
664238,Dylan Moore,2B,1.656,4.355
666624,Christopher Morel,LF,1.591,0.674
672515,Gabriel Moreno,C,3.017,0.696
663624,Ryan Mountcastle,1B,2.548,1.808
656775,Cedric Mullins,CF,1.729,2.409
571970,Max Muncy,1B,2.444,20.944
669221,Sean Murphy,C,1.079,1.966
608596,Tom Murphy,C,-1.421,1.114
667472,Dane Myers,CF,0.523,2.319
665966,Carlos Narv\xc3\xa1ez,C,0.723,0.64
553882,Omar Narv\xc3\xa1ez,C,-1.816,1.323
666310,Bo Naylor,C,0.957,0.714
647304,Josh Naylor,1B,1.812,3.469
687263,Zach Neto,SS,4.175,1.745
663527,Tyler Nevin,3B,0.261,0.783
621028,Kevin Newman,SS,1.23,2.452
621512,Tom\xc3\xa1s Nido,C,-1.085,1.719
607043,Brandon Nimmo,CF,1.879,10.798
676116,Ryan Noda,1B,-0.325,0.949
678877,Jhonkensy Noel,RF,1.068,0.727
663457,Lars Nootbaar,CF,2.45,0.692
681393,Connor Norby,2B,1.278,0.819
683083,Nasim Nu\xc3\xb1ez,SS,1.222,0.692
656811,Ryan O\'Hearn,1B,1.815,4.398
681351,Logan O\'Hoppe,C,2.441,0.934
641933,Tyler O\'Neill,LF,2.49,3.481
660271,Shohei Ohtani,RF,6.639,24.384
658668,Edward Olivares,LF,-0.356,2.287
621566,Matt Olson,1B,2.721,4.441
680716,Jonathan Ornelas,SS,0.403,0.691
542364,Rafael Ortega,LF,-0.676,0.878
687401,Joey Ortiz,SS,2.711,1.061
681546,James Outman,CF,0.159,0.87
542303,Marcell Ozuna,LF,2.035,5.55
665506,Cristian Pache,CF,0.14,0.695
681624,Andy Pages,CF,2.015,1.18
686780,Pedro Pag\xc3\xa9s,C,0.614,0.868
641943,Joshua Palacios,CF,0.119,0.937
680700,Richie Palacios,RF,2.329,0.864
670623,Isaac Paredes,3B,1.812,1.281
677347,Kyren Paris,SS,0.304,0.673
686469,Vinnie Pasquantino,1B,2.433,2.25
688363,Graham Pauley,3B,-0.334,0.479
592626,Joc Pederson,LF,1.294,5.059
665161,Jeremy Pe\xc3\xb1a,SS,4.509,3.754
444482,David Peralta,LF,-0.62,3.676
672695,Geraldo Perdomo,SS,3.34,1.153
640902,Jhonny Pereda,C,-0.649,0.769
521692,Salvador Perez,C,1.94,8.768
672761,Wenceel P\xc3\xa9rez,SS,1.004,0.762
663368,Blake Perkins,RF,2.226,1.494
607054,Jace Peterson,3B,-1.855,1.286
502054,Tommy Pham,LF,-0.031,7.889
607680,Kevin Pillar,LF,-0.005,5.87
650907,Ren\xc3\xa9 Pinto,C,-0.08,0.946
593871,Jorge Polanco,2B,1.774,5.657
595777,Jurickson Profar,LF,3.135,7.613
678882,Ceddanne Rafaela,LF,2.132,0.756
663728,Cal Raleigh,C,3.609,2.733
670042,Luke Raley,CF,1.826,3.149
623912,Harold Ram\xc3\xadrez,RF,-0.099,1.954
608070,Jos\xc3\xa9 Ram\xc3\xadrez,3B,5.346,15.275
682868,Bryan Ramos,3B,0.948,0.733
671218,Heliot Ramos,CF,2.477,0.932
592663,J.T. Realmuto,C,2.275,37.924
656883,Jakson Reetz,C,-0.527,0.728
608701,Rob Refsnyder,RF,0.004,3.805
621545,Zach Remillard,3B,0.373,0.536
543685,Anthony Rendon,3B,0.707,9.242
592669,Hunter Renfroe,RF,0.178,5.42
650859,Luis Rengifo,SS,1.784,0.887
622569,Pablo Reyes,LF,-1.155,1.136
668804,Bryan Reynolds,CF,2.127,15.071
700250,Ben Rice,C,0.41,0.997
663586,Austin Riley,3B,3.4,1.183
660844,Leo Rivas,RF,0.322,0.792
656896,Emmanuel Rivera,3B,-0.689,1.173
519203,Anthony Rizzo,1B,0.068,10.123
673357,Luis Robert Jr.,CF,2.414,1.254
642020,Chuckie Robinson,C,-0.746,0.899
645302,V\xc3\xadctor Robles,CF,2.648,0.867
677587,Brayan Rocchio,SS,0.997,0.597
663898,Brendan Rodgers,2B,0.462,1.637
671286,Johnathan Rodr\xc3\xadguez,LF,-0.462,0.692
677594,Julio Rodr\xc3\xadguez,CF,4.623,0.885
668670,Jake Rogers,C,1.047,1.989
679032,Johan Rojas,CF,1.372,0.611
668942,Josh Rojas,3B,1.71,2.216
500743,Miguel Rojas,SS,1.675,9.334
691011,Drew Romo,C,0.468,1.131
667670,Brent Rooker,DH,2.933,15.078
666163,Ben Rortvedt,C,0.804,0.777
642708,Amed Rosario,SS,-0.155,4.037
592696,Eddie Rosario,LF,-0.808,8.509
666703,Eguy Rosario,SS,0.712,0.661
665923,Esteury Ruiz,CF,0.424,0.767
660688,Keibert Ruiz,C,1.101,0.698
668939,Adley Rutschman,C,2.951,3.299
666165,Blake Sabol,C,0.886,0.815
695336,Thomas Saggese,SS,0.411,0.705
663967,C\xc3\xa9sar Salazar,C,0.432,0.541
645305,Ali S\xc3\xa1nchez,C,-0.911,0.777
596142,Gary S\xc3\xa1nchez,C,-0.277,1.209
660821,Jes\xc3\xbas S\xc3\xa1nchez,CF,1.766,0.886
593934,Miguel San\xc3\xb3,1B,-0.421,5.519
691594,Javier Sanoja,SS,0.934,0.706
467793,Carlos Santana,1B,1.351,8.276
623993,Anthony Santander,RF,1.617,23.33
694384,Nolan Schanuel,1B,0.944,0.847
669477,Casey Schmitt,3B,0.322,0.669
682177,Daniel Schneemann,SS,0.979,0.992
676914,Davis Schneider,3B,0.34,0.712
680474,Max Schuemann,3B,1.043,0.785
668845,Aaron Schunk,3B,0.445,0.806
656941,Kyle Schwarber,LF,2.71,17.792
687363,Victor Scott II,CF,0.986,0.601
608369,Corey Seager,SS,4.321,11.994
543760,Marcus Semien,2B,3.165,12.055
669222,Nick Senzel,CF,-0.347,2.755
661531,Brian Serven,C,0.194,0.966
657757,Gavin Sheets,RF,-0.702,1.865
668853,Austin Shenton,3B,0.342,0.817
669699,Braden Shewmake,SS,-0.267,0.788
670097,Zack Short,2B,-0.126,1.204
672279,Michael Siani,RF,0.918,0.637
572138,Jon Singleton,1B,-0.888,5.911
642350,Jose Siri,CF,2.115,1.405
596103,Austin Slater,LF,-0.177,2.46
642086,Dominic Smith,1B,0.129,2.383
669701,Josh Smith,SS,2.371,2.144
656976,Pavin Smith,LF,0.045,1.065
669257,Will Smith,C,3.848,20.929
691016,Tyler Soderstrom,DH,1.262,0.707
686765,Nick Sogard,2B,0.714,0.78
456781,Donovan Solano,2B,-0.512,7.702
624585,Jorge Soler,DH,1.492,14.346
624641,Edmundo Sosa,3B,2.017,2.12
672820,Lenyn Sosa,2B,0.15,0.806
665742,Juan Soto,LF,6.724,8.212
670869,Livan Soto,SS,0.432,0.707
543807,George Springer,RF,1.109,8.867
607732,Jacob Stallings,C,0.454,7.061
519317,Giancarlo Stanton,DH,-0.1,6.129
668715,Spencer Steer,3B,1.695,1.751
683021,Michael Stefanic,2B,-0.267,1.027
663886,Tyler Stephenson,C,1.409,1.27
670276,Cal Stevenson,CF,-0.106,0.391
621466,DJ Stewart,RF,-0.68,1.225
596115,Trevor Story,SS,1.18,1.293
681082,Bryson Stott,2B,2.76,1.693
669065,Kyle Stowers,CF,0.13,0.875
596117,Garrett Stubbs,C,0.43,1.402
553993,Eugenio Su\xc3\xa1rez,3B,0.931,11.109
664954,Brett Sullivan,C,-0.144,0.108
669261,Jack Suwinski,CF,-0.344,0.746
673548,Seiya Suzuki,RF,2.572,26.53
621020,Dansby Swanson,SS,2.936,15.178
700242,Trey Sweeney,SS,1.326,0.722
665487,Fernando Tatis Jr.,RF,3.501,0.833
643565,Mike Tauchman,CF,0.445,4.548
665750,Leody Taveras,CF,1.693,0.658
621035,Chris Taylor,3B,-0.277,4.959
572191,Michael A. Taylor,CF,0.464,4.355
621438,Tyrone Taylor,RF,1.228,1.996
642133,Rowdy Tellez,1B,-0.243,3.562
677588,Jos\xc3\xa9 Tena,SS,0.84,0.869
669326,Bryce Teodosio,LF,-0.708,0.236
642136,Matt Thaiss,C,0.29,1.555
677950,Alek Thomas,CF,0.617,0.733
657041,Lane Thomas,RF,1.472,6.673
669352,Bubba Thompson,CF,-0.252,0.844
669911,Michael Toglia,1B,2.455,0.728
679529,Spencer Torkelson,1B,1.97,0.808
647351,Abraham Toro,3B,1.306,1.078
620443,Luis Torrens,C,0.707,2.067
650402,Gleyber Torres,2B,1.441,4.646
678662,Ezequiel Tovar,SS,3.195,0.877
676701,Alan Trejo,2B,-1.094,1.164
624431,Jose Trevino,C,0.189,1.816
669707,Jared Triolo,3B,0.932,1.428
644433,Chadwick Tromp,C,0.151,0.564
545361,Mike Trout,CF,1.022,2.808
657061,Cole Tucker,SS,-0.52,0.739
663656,Kyle Tucker,RF,4.753,4.443
668930,Brice Turang,SS,3.871,1.805
457759,Justin Turner,DH,0.401,10.128
607208,Trea Turner,SS,3.216,12.731
649966,Luis Ur\xc3\xadas,3B,0.413,0.741
602104,Ram\xc3\xb3n Ur\xc3\xadas,3B,0.219,1.765
570482,Gio Urshela,RF,-0.152,4.757
665839,Enmanuel Valdez,2B,-0.161,0.767
545121,Ildemaro Vargas,2B,-0.143,2.707
678246,Miguel Vargas,2B,0.846,0.741
662139,Daulton Varsho,LF,3.426,4.234
683734,Andrew Vaughn,1B,1.498,1.383
543877,Christian V\xc3\xa1zquez,C,-0.506,9.556
676679,Luis V\xc3\xa1zquez,SS,-0.119,0.715
676369,Nelson Vel\xc3\xa1zquez,CF,0.262,0.726
657077,Alex Verdugo,RF,1.861,4.198
668901,Mark Vientos,3B,1.472,0.857
663837,Matt Vierling,RF,2.415,3.218
668723,Ryan Vilade,3B,-0.834,1.221
681584,David Villar,3B,0.213,0.802
596129,Daniel Vogelbach,LF,-1.143,0.88
683011,Anthony Volpe,SS,2.917,1.173
613564,Jason Vosler,3B,-0.533,0.581
664774,LaMonte Wade Jr.,1B,1.674,1.377
642180,Tyler Wade,SS,-0.83,0.914
676572,Eric Wagaman,1B,0.964,0.778
695238,Will Wagner,2B,1.297,0.756
572233,Christian Walker,1B,1.969,9.174
691023,Jordan Walker,3B,0.301,0.784
657088,Forrest Wall,CF,0.302,0.767
670242,Matt Wallner,RF,1.952,0.821
670764,Taylor Walls,SS,1.966,0.823
665120,Jared Walsh,1B,-0.398,1.532
622268,Donovan Walton,RF,0.011,0.342
621493,Taylor Ward,LF,1.513,7.968
671221,Drew Waters,LF,0.227,0.639
669224,Austin Wells,C,3.238,0.765
621563,Joey Wendle,3B,-0.769,2.53
673995,Davis Wendzel,3B,-0.038,0.783
642197,Jamie Westbrook,2B,-0.285,0.705
676059,Jordan Westburg,SS,2.668,0.824
694376,Shay Whitcomb,SS,-0.383,0.612
642201,Eli White,CF,0.04,0.554
686894,Joey Wiemer,CF,-0.015,0.286
675961,Alika Williams,SS,0.17,0.824
663897,Luke Williams,SS,0.366,0.802
805779,Jacob Wilson,SS,0.598,0.761
642215,Weston Wilson,1B,0.543,3.145
608385,Jesse Winker,RF,1.324,3.419
691026,Masyn Winn,SS,3.833,1.773
621550,Patrick Wisdom,3B,-1.01,1.737
689172,Brett Wisely,2B,0.894,0.664
677951,Bobby Witt Jr.,SS,9.007,8.383
657136,Connor Wong,C,0.69,2.052
695578,James Wood,LF,2.384,0.97
642851,Austin Wynns,C,1.406,3.286
573262,Mike Yastrzemski,CF,0.885,3.546
592885,Christian Yelich,LF,1.616,7.246
660766,Juan Yepez,3B,1.052,0.918
694377,Nick Yorke,2B,0.238,0.713
807799,Masataka Yoshida,LF,0.54,4.599
696285,Jacob Young,RF,2.753,0.776
664874,Seby Zavala,C,-0.69,0.299
671096,Andrew Abbott,SP,9.078,0.755
650556,Bryan Abreu,RP,4.58,1.536
592094,Jason Adam,RP,3.326,5.803
613534,Austin Adams,RP,0.813,2.633
686654,Ty Adcock,RP,-0.114,0.316
672851,Joan Adon,RP,-0.042,0.538
687924,Julian Aguiar,SP,-1.239,0.569
669211,Keegan Akin,RP,5.647,1.143
660896,Jorge Alcala,RP,1.832,1.355
691951,Sam Aldegheri,SP,-0.102,0.586
518397,Scott Alexander,RP,-1.829,2.629
641302,Tyler Alexander,RP,5.003,2.257
663465,Kolby Allard,SP,1.967,0.551
663531,Logan Allen,RP,-2.0,0.577
671106,Logan Allen,SP,3.424,0.698
622075,Yency Almonte,RP,0.027,0.605
656186,Dan Altavilla,RP,-0.075,0.641
621237,Jos\xc3\xa9 Alvarado,RP,1.873,0.75
657193,Eddy Alvarez,RP,0.009,6.144
640470,Adbert Alzolay,RP,-0.186,0.735
502624,Chase Anderson,RP,-0.342,2.551
681982,Grant Anderson,RP,-2.0,0.61
605121,Justin Anderson,RP,0.518,1.928
623433,Nick Anderson,RP,-1.785,1.673
641312,Shaun Anderson,RP,-0.18,0.934
542881,Tyler Anderson,SP,10.0,14.099
677076,Clayton Andrews,RP,-0.024,0.148
542882,Matt Andriese,RP,-0.021,0.846
622088,Tejay Antone,RP,0.006,0.509
542888,Shawn Armstrong,RP,0.761,2.167
681293,Spencer Arrighetti,SP,10.0,0.662
676879,Aaron Ashby,RP,1.188,0.553
668933,Graham Ashcraft,SP,3.428,0.694
665871,Javier Assad,SP,7.903,0.832
687014,Nick Avila,RP,-0.09,0.514
658648,Pedro Avila,RP,3.332,0.753
669199,Lake Bachar,RP,0.018,0.508
641329,Bryan Baker,RP,-0.512,0.735
607455,Anthony Banda,RP,1.415,1.707
621383,Tanner Banks,RP,2.089,2.299
605130,Scott Barlow,RP,2.147,1.971
606930,Jacob Barnes,RP,-0.63,2.978
598264,Matt Barnes,RP,-0.072,1.322
571466,Tucker Barnhart,RP,-0.018,1.636
605135,Chris Bassitt,SP,9.526,11.378
669620,Brady Basso,SP,3.819,0.637
641343,Jake Bauers,RP,0.003,0.473
657508,Mike Baumann,RP,0.881,0.992
669358,Shane Baz,SP,5.501,0.642
660825,Eduard Bazardo,RP,-0.106,0.589
663941,Tristan Beck,RP,0.15,0.692
670280,David Bednar,RP,1.49,1.669
595881,Tyler Beede,RP,-0.216,0.758
656222,Jalen Beeks,RP,0.795,2.06
690925,Clayton Beeter,RP,0.003,0.526
678394,Brayan Bello,SP,10.0,0.795
678368,Valente Bellozo,SP,1.894,0.599
669622,Anthony Bender,RP,2.31,1.311
642834,Jonathan Berm\xc3\xbadez,RP,0.0,0.75
657514,Brennan Bernardino,RP,0.299,2.352
621244,Jos\xc3\xa9 Berr\xc3\xados,SP,10.0,0.75
672860,Prelander Berroa,RP,0.132,0.608
676440,Tanner Bibee,SP,10.0,0.762
641360,Phil Bickford,RP,-0.075,0.413
674370,Osvaldo Bido,SP,4.615,2.25
669456,Shane Bieber,SP,0.207,2.378
656232,Brandon Bielak,RP,0.354,0.564
685801,Hunter Bigge,RP,0.12,0.603
656234,Jake Bird,RP,-1.129,0.71
806185,Hayden Birdsong,SP,5.884,0.561
702352,Spencer Bivens,RP,-0.001,1.315
621389,Ty Blach,SP,-1.131,3.086
696131,Mason Black,SP,-0.073,0.56
621112,Paul Blackburn,SP,2.685,3.282
687134,Bradley Blalock,SP,-1.105,0.537
669854,Ronel Blanco,SP,10.0,5.618
656240,Scott Blewett,RP,5.4,0.744
814005,Jake Bloss,SP,-0.069,0.524
675989,Cody Bolton,RP,-0.039,0.559
592155,Cam Booser,RP,0.326,2.286
621366,Ryan Borucki,RP,-0.102,0.554
623520,David Bote,RP,0.009,1.065
676961,Caleb Boushley,RP,0.006,0.585
680742,Jonathan Bowlan,SP,-0.06,0.206
621199,Matt Bowman,RP,-2.172,1.861
571510,Matthew Boyd,SP,3.13,10.535
671212,Joe Boyle,SP,3.571,0.568
674003,Cody Bradford,SP,5.623,0.702
680694,Kyle Bradish,SP,4.671,0.783
671737,Taj Bradley,SP,10.0,0.641
518489,Ryan Brasier,RP,-1.098,2.076
623211,Huascar Brazob\xc3\xa1n,RP,1.402,0.75
605154,John Brebbia,RP,1.821,4.309
605155,Colten Brewer,RP,-2.0,0.958
689225,Beau Brieske,RP,3.291,0.642
666745,Jhony Brito,RP,-0.539,0.582
641401,Connor Brogdon,RP,-0.225,0.193
605156,Aaron Brooks,SP,-2.0,2.816
676962,Ben Brown,SP,4.253,0.578
686613,Hunter Brown,SP,10.0,0.779
677865,Justin Bruihl,RP,-0.084,0.401
660644,Vidal Bruj\xc3\xa1n,RP,0.0,0.75
694350,Zach Brzykcy,RP,-0.081,0.458
663460,Kris Bubic,RP,2.411,0.581
571527,David Buchanan,RP,0.03,1.122
621111,Walker Buehler,SP,3.787,3.533
656266,JB Bukauskas,RP,0.057,0.533
607481,Aaron Bummer,RP,3.284,1.707
595897,Nick Burdi,RP,0.102,1.108
670103,Raymond Burgos,RP,-0.015,0.426
656271,Brock Burke,RP,1.736,0.62
680732,Sean Burke,SP,0.27,0.63
669203,Corbin Burnes,SP,10.0,5.895
621114,Ryan Burr,RP,2.124,1.175
681347,Mike Burrows,RP,0.0,0.336
641427,Alan Busenitz,RP,-0.075,0.932
681066,Ky Bush,SP,0.033,0.523
676130,Jos\xc3\xa9 Butt\xc3\xb3,RP,4.218,0.75
665795,Edward Cabrera,SP,7.193,0.739
650893,G\xc3\xa9nesis Cabrera,RP,-0.176,0.75
665828,Oswaldo Cabrera,RP,0.003,0.462
663462,Isaiah Campbell,RP,-0.378,0.811
656288,Griffin Canning,SP,9.401,4.07
686563,Jonathan Cannon,SP,7.29,0.712
666974,Yennier Cano,RP,1.86,1.92
676282,Joey Cantillo,SP,2.675,0.576
571539,Matt Carasiti,RP,-0.162,0.923
471911,Carlos Carrasco,SP,3.703,10.093
676508,Ben Casparius,RP,0.045,0.538
528748,Humberto Castellanos,RP,-0.03,0.528
650895,Diego Castillo,RP,0.063,0.604
622491,Luis Castillo,SP,10.0,8.682
612434,Miguel Castro,RP,-0.036,0.637
650489,Willi Castro,RP,0.015,0.399
656302,Dylan Cease,SP,10.0,3.536
677944,Slade Cecconi,SP,3.727,0.62
605177,Andrew Chafin,RP,2.039,3.022
547973,Aroldis Chapman,RP,3.332,2.951
608638,JT Chargois,RP,-1.62,1.736
445926,Jesse Chavez,RP,-0.475,2.287
630023,Yonny Chirinos,SP,-0.429,2.766
683409,Angel Chivilli,RP,1.264,0.545
687847,Marc Church,RP,0.009,0.529
643256,Adam Cimber,RP,-1.967,2.152
542585,Jos\xc3\xa9 Cisnero,RP,0.0,0.75
650644,Aaron Civale,SP,10.0,4.645
661403,Emmanuel Clase,RP,4.55,1.025
664076,Garrett Cleavinger,RP,1.837,1.823
665019,Kody Clemens,RP,-0.006,0.29
676391,Ernie Clement,RP,-0.009,0.29
605182,Mike Clevinger,SP,-0.039,3.51
502171,Alex Cobb,SP,4.05,3.113
543037,Gerrit Cole,SP,8.858,9.822
669395,Dylan Coleman,RP,0.009,0.226
664351,Luis Contreras,RP,-0.036,0.396
672710,Roansy Contreras,RP,1.099,0.557
571578,Patrick Corbin,SP,8.332,12.787
641482,Nestor Cortes,SP,10.0,5.45
676680,Tom Cosgrove,RP,-0.264,0.629
543056,Danny Coulombe,RP,0.374,2.513
664776,Jake Cousins,RP,2.257,0.967
543063,Brandon Crawford,RP,-0.036,0.227
676710,Kutter Crawford,SP,10.0,3.456
622503,Nabil Crismatt,RP,0.024,0.415
681867,Cooper Criswell,SP,4.338,0.885
676105,Jeff Criswell,RP,0.174,0.618
676979,Garrett Crochet,SP,10.0,0.708
686539,Declan Cronin,RP,4.053,0.661
668968,Hans Crouse,RP,1.62,0.617
518585,Fernando Cruz,RP,5.823,3.235
674444,Steven Cruz,RP,0.072,0.65
621016,Jos\xc3\xa9 Cuas,RP,0.0,0.75
456501,Johnny Cueto,SP,-0.054,1.724
675540,Xzavion Curry,RP,0.177,0.575
595928,John Curtiss,RP,-0.069,0.486
702674,Caden Dana,SP,-0.138,0.495
669721,Davis Daniel,SP,0.607,0.571
506433,Yu Darvish,SP,5.541,5.055
656353,Tucker Davidson,RP,0.108,0.673
656354,Austin Davis,RP,-0.072,0.603
663562,Noah Davis,RP,-2.0,0.547
676969,Brett de Geus,RP,-0.063,0.509
660853,Enyel De Los Santos,RP,1.798,0.997
594798,Jacob deGrom,SP,0.123,1.421
672282,Reid Detmers,SP,7.735,0.596
606965,Chris Devenski,RP,-2.0,1.531
664747,Alexis D\xc3\xadaz,RP,0.451,0.75
621242,Edwin D\xc3\xadaz,RP,6.496,0.75
646242,Jhonathan D\xc3\xadaz,RP,0.0,0.75
622766,Miguel D\xc3\xadaz,RP,0.0,0.75
700270,Yilber D\xc3\xadaz,SP,0.0,0.75
518617,Jake Diekman,RP,-1.483,2.869
677976,Randy Dobnak,RP,0.0,0.558
689266,Dylan Dodd,RP,-0.018,0.191
622554,Seranthony Dom\xc3\xadnguez,RP,2.918,0.75
666808,Camilo Doval,RP,4.601,0.721
650960,Daniel Duarte,RP,0.033,0.422
681869,Shawn Dubin,RP,1.641,0.733
608648,Tyler Duffey,RP,-0.006,0.949
641540,Dane Dunning,SP,4.564,2.226
670161,Parker Dunshee,RP,-0.042,0.178
661395,Jhoan Duran,RP,4.756,0.705
671109,Jake Eder,RP,0.003,0.266
605218,Carl Edwards Jr.,RP,0.0,1.58
664123,Scott Effross,RP,-0.003,0.539
621107,Zach Eflin,SP,10.0,8.391
685126,Brandon Eisert,RP,0.003,0.444
693821,Bryce Elder,SP,2.987,0.599
686642,Fraser Ellard,RP,0.778,0.597
592288,Kent Emanuel,RP,-0.081,1.184
669438,Mason Englert,RP,-1.688,0.541
543135,Nathan Eovaldi,SP,10.0,6.016
668674,Lucas Erceg,RP,4.147,1.166
502179,Paolo Espino,RP,-0.081,1.143
683155,Joey Estes,SP,7.373,0.624
608032,Carlos Est\xc3\xa9vez,RP,-0.063,0.75
669093,Jeremiah Estrada,RP,6.573,0.671
656412,Alex Faedo,RP,0.851,0.907
664126,Pete Fairbanks,RP,0.009,1.646
663559,Bailey Falter,SP,6.993,1.206
571656,Buck Farmer,RP,1.113,2.599
571657,Kyle Farmer,RP,-0.006,0.786
676534,Calvin Faucher,RP,2.035,0.919
607200,Erick Fedde,SP,10.0,15.11
621399,Brady Feigl,RP,-0.048,0.6
663372,Ryan Feltner,SP,10.0,1.911
657571,Caleb Ferguson,RP,2.519,1.146
621053,Tyler Ferguson,RP,1.669,1.54
681676,Ryan Fernandez,RP,3.046,0.704
678606,Jose A. Ferrer,RP,-0.16,0.573
701581,David Festa,SP,6.423,0.578
670036,Matt Festa,RP,-2.0,1.226
656420,J.P. Feyereisen,RP,-0.096,0.494
640448,Kyle Finnegan,RP,0.819,2.77
690916,Richard Fitts,SP,8.0,0.655
666149,Tyler Fitzgerald,RP,-0.018,0.37
656427,Jack Flaherty,SP,10.0,3.422
676596,Josh Fleming,RP,-3.0,0.679
623167,Chris Flexen,SP,9.249,4.385
571670,Dylan Floro,RP,-0.582,3.094
671345,Jason Foley,RP,-0.813,1.033
641582,Matt Foster,RP,0.075,0.55
641585,J.P. France,SP,-2.0,1.305
670102,Bowden Francis,RP,6.293,1.498
607536,Kyle Freeland,SP,4.067,5.935
666818,Luis Fr\xc3\xadas,RP,0.0,0.75
608331,Max Fried,SP,10.0,9.515
608334,Carson Fulmer,RP,2.921,1.863
681892,Kody Funderburk,RP,-0.338,0.627
683769,Hunter Gaddis,RP,2.03,0.617
606149,Giovanny Gallegos,RP,-1.234,1.507
668678,Zac Gallen,SP,10.0,2.425
642520,Gerson Garabito,RP,-0.225,0.585
665620,Deivi Garc\xc3\xada,RP,0.0,0.75
472610,Luis Garc\xc3\xada,RP,1.582,0.75
676395,Robert Garcia,RP,4.133,1.027
554340,Yimi Garc\xc3\xada,RP,1.68,0.75
607237,Amir Garrett,RP,0.006,1.57
666129,Braxton Garrett,SP,3.662,0.659
657585,Reed Garrett,RP,4.256,2.296
688107,Robert Gasser,SP,8.0,0.633
592332,Kevin Gausman,SP,10.0,11.114
593334,Domingo Germ\xc3\xa1n,RP,0.0,0.75
664139,Ian Gibaut,RP,0.006,0.509
502043,Kyle Gibson,SP,10.0,12.934
661563,Luis Gil,SP,10.0,1.036
669302,Logan Gilbert,SP,10.0,4.404
656457,Tyler Gilbert,RP,0.033,0.503
656458,Lucas Gilbreath,RP,-0.12,0.325
670810,Logan Gillaspie,RP,-0.045,0.535
687362,Connor Gillispie,RP,0.063,0.522
656464,Kevin Ginkel,RP,3.62,1.854
669372,J.T. Ginn,SP,1.631,0.628
607192,Tyler Glasnow,SP,10.0,8.226
596295,Austin Gomber,SP,9.553,7.039
672782,Yoendrys G\xc3\xb3mez,RP,0.0,0.75
594835,Marco Gonzales,SP,-0.473,3.869
624647,Victor Gonz\xc3\xa1lez,RP,0.0,0.75
685299,Tanner Gordon,SP,-0.333,0.661
669022,MacKenzie Gore,SP,10.0,0.975
543238,Anthony Gose,RP,-0.045,1.146
700669,Gordon Graceffo,RP,0.003,0.614
660813,Brusdar Graterol,RP,0.033,0.503
592351,Jon Gray,SP,5.237,4.994
680686,Josiah Gray,SP,-0.162,0.487
543243,Sonny Gray,SP,10.0,11.273
643338,Chad Green,RP,-1.168,2.559
668881,Hunter Greene,SP,10.0,0.673
675627,Michael Grove,RP,2.263,0.714
674944,Sean Guenther,RP,3.664,0.696
692285,Luis Guerrero,RP,0.15,0.646
641645,Luis Guillorme,RP,-0.021,0.297
661269,Vladimir Gutierrez,RP,-0.021,0.226
623352,Josh Hader,RP,5.431,1.925
669084,DL Hall,SP,1.566,0.593
678020,Seth Halvorsen,RP,0.186,0.581
641656,Ian Hamilton,RP,2.129,0.887
641658,Garrett Hampson,RP,0.012,0.246
676106,Emerson Hancock,SP,-0.315,0.613
669724,Brenan Hanifee,RP,-0.504,0.616
663687,Hogan Harris,RP,1.809,1.131
690986,Kyle Harrison,SP,7.814,0.676
664129,Geoff Hartlieb,RP,-0.108,0.503
701643,Grant Hartwig,RP,-0.033,0.43
640451,Hunter Harvey,RP,1.31,0.999
687396,Brent Headrick,RP,0.015,0.187
571760,Andrew Heaney,SP,10.0,7.864
669169,Jonathan Heasley,RP,-0.186,0.387
595978,Austin Hedges,RP,0.018,0.383
623168,Tyler Heineman,RP,0.006,1.775
621294,Ben Heller,RP,-0.222,1.301
664854,Ryan Helsley,RP,4.078,2.774
543294,Kyle Hendricks,SP,4.072,10.816
668874,Blair Henley,SP,-0.096,0.151
683618,Edgardo Henriquez,RP,0.024,0.487
678692,Ronny Henriquez,RP,0.099,0.62
674072,Tommy Henry,SP,-0.938,0.637
682073,David Hensley,RP,-0.006,0.178
656529,Sam Hentges,RP,1.199,0.663
623474,Jimmy Herget,RP,0.015,0.531
643361,Kevin Herget,RP,0.075,1.13
672578,Carlos Hern\xc3\xa1ndez,RP,-0.586,0.75
678226,Daysbel Hern\xc3\xa1ndez,RP,0.0,0.75
622694,Elieser Hern\xc3\xa1ndez,RP,0.0,0.75
571771,Enrique Hern\xc3\xa1ndez,RP,0.0,0.75
642546,Jonathan Hern\xc3\xa1ndez,RP,1.2,0.75
669796,Jose Hernandez,RP,0.069,0.659
663321,Nick Hernandez,RP,-0.033,0.441
682120,Tim Herrin,RP,0.804,0.846
687792,DJ Herz,SP,8.625,0.609
543305,Aaron Hicks,RP,-0.018,5.029
663855,Jordan Hicks,SP,6.012,0.827
677955,Jaden Hill,RP,-0.003,0.528
448179,Rich Hill,RP,-0.003,1.066
657612,Tim Hill,RP,-1.264,2.152
663546,Sean Hjelle,RP,4.654,0.714
687863,Porter Hodge,RP,2.094,0.636
663773,Bryan Hoeing,RP,-0.584,0.853
656546,Jeff Hoffman,RP,4.824,2.529
670059,Colin Holderman,RP,0.491,0.984
668970,Gavin Hollowell,RP,0.015,0.187
680880,Grant Holman,RP,0.072,0.585
605280,Clay Holmes,RP,3.023,2.805
656550,Grant Holmes,RP,5.643,0.968
663947,Tyler Holton,RP,4.889,1.618
641703,Brent Honeywell Jr.,RP,-2.278,1.051
690544,Bailey Horn,RP,-0.096,0.521
656557,Tanner Houck,SP,10.0,3.465
605288,Adrian Houser,RP,0.262,2.52
675921,Spencer Howard,RP,-2.0,0.558
663542,Bryan Hudson,RP,1.631,1.051
641712,Dakota Hudson,SP,0.998,3.155
543339,Daniel Hudson,RP,0.255,2.618
676714,Brandon Hughes,RP,-0.117,0.576
669165,Kyle Hurt,RP,0.033,0.402
676428,Brant Hurter,RP,2.903,0.608
628452,Raisel Iglesias,RP,3.388,4.706
684007,Shota Imanaga,SP,10.0,9.245
683568,Jairo Iriarte,RP,0.03,0.5
608344,Cole Irvin,SP,2.755,5.206
663623,Jake Irvin,SP,10.0,2.036
543351,Jay Jackson,RP,-2.0,1.692
592426,Luke Jackson,RP,2.164,2.308
689690,Alek Jacob,RP,0.087,0.587
682175,Joe Jacques,RP,-0.027,0.268
445276,Kenley Jansen,RP,0.721,3.089
686826,Bryce Jarvis,RP,-1.629,0.642
664299,Cristian Javier,SP,-0.196,0.801
643377,Griffin Jax,RP,6.628,2.394
664079,Tyler Jay,RP,-0.003,0.513
641726,Daulton Jefferies,RP,-0.21,0.598
666204,Dany Jim\xc3\xa9nez,RP,0.0,0.75
641729,Joe Jim\xc3\xa9nez,RP,3.82,0.75
695549,Jackson Jobe,RP,0.039,0.511
572955,Pierce Johnson,RP,1.534,3.3
686751,Seth Johnson,SP,-0.117,0.351
683003,Jared Jones,SP,10.0,0.61
690829,Ben Joyce,RP,1.015,0.689
596001,Jakob Junis,RP,2.732,2.106
676083,Janson Junk,RP,-0.03,0.434
687145,Evan Justice,RP,0.003,0.462
592454,Tommy Kahnle,RP,0.315,2.995
641745,Brad Keller,RP,-0.019,0.689
656605,Mitch Keller,SP,10.0,3.32
543391,Casey Kelly,RP,0.0,1.261
523260,Joe Kelly,RP,-1.385,1.983
687330,Kevin Kelly,RP,2.823,0.668
518876,Merrill Kelly,SP,2.808,13.896
547184,Michael Kelly,RP,-1.95,1.34
677161,Zack Kelly,RP,1.449,1.094
689147,Orion Kerkering,RP,3.871,0.586
678061,Ray Kerr,RP,-0.891,0.732
477132,Clayton Kershaw,SP,-1.732,2.395
666197,Grae Kessinger,RP,0.009,0.331
572971,Dallas Keuchel,SP,-0.009,3.066
579328,Yusei Kikuchi,SP,10.0,11.126
668873,Caleb Kilian,RP,-0.003,0.586
518886,Craig Kimbrel,RP,1.525,4.487
643396,Isiah Kiner-Falefa,RP,0.003,0.361
687911,Bryan King,RP,1.704,0.653
667463,John King,RP,-0.698,1.184
650633,Michael King,SP,10.0,5.462
641755,Tyler Kinley,RP,2.648,3.013
669923,George Kirby,SP,10.0,1.517
685116,Austin Kitchen,RP,-0.141,0.445
552640,Andrew Kittredge,RP,0.94,2.48
694361,Will Klein,RP,-0.102,0.468
680572,Adam Kloffenstein,RP,0.027,0.665
689017,Landon Knack,SP,4.815,0.702
668800,Andrew Knizner,RP,0.033,0.286
571863,Matt Koch,RP,-0.135,0.145
686799,Jack Kochanowicz,SP,0.679,0.6
657649,Jared Koenig,RP,1.209,1.793
663568,Stephen Kolek,RP,1.396,0.621
656629,Michael Kopech,RP,3.603,2.592
667478,Evan Kravetz,RP,0.009,0.226
665152,Dean Kremer,SP,7.548,1.641
670219,Zac Kristofak,RP,-0.012,0.191
640454,Matt Krook,RP,-0.03,0.279
641771,Chad Kuhl,RP,2.47,1.282
669270,Joel Kuhnel,RP,0.033,0.519
686747,Joe La Sorsa,RP,0.024,0.54
663567,Peter Lambert,RP,1.57,0.733
659275,Dinelson Lamet,RP,0.0,0.574
656638,Alex Lange,RP,-0.189,0.631
656641,Jacob Latz,RP,-0.444,0.734
571882,Derek Law,RP,2.6,3.327
664875,Justin Lawrence,RP,-1.071,1.337
676661,Max Lazar,RP,0.024,0.544
681517,Kyle Leahy,RP,-0.631,0.652
673929,Jordan Leasure,RP,-0.945,0.558
600917,Jos\xc3\xa9 Leclerc,RP,4.449,0.75
669276,Dylan Lee,RP,4.437,0.96
668984,Casey Legumina,RP,-0.078,0.46
605335,Brandon Leibrandt,RP,-0.048,0.693
683004,Jack Leiter,SP,-0.598,0.609
643410,Mark Leiter Jr.,RP,4.74,3.3
608678,Dominic Leone,RP,-0.198,1.95
669461,Matthew Liberatore,RP,3.608,0.527
641793,Zack Littell,SP,10.0,3.05
663893,Brendon Little,RP,-0.516,0.64
681432,Luke Little,RP,0.95,0.611
594902,Ben Lively,SP,8.274,8.659
642528,Jonathan Lo\xc3\xa1isiga,RP,0.0,0.75
666157,Nick Lodolo,SP,9.674,0.716
679845,Nick Loftin,RP,0.012,0.416
656657,Zach Logue,RP,-0.045,0.325
669674,Sam Long,RP,0.588,0.797
682052,Jacob Lopez,RP,0.003,0.554
605347,Jorge L\xc3\xb3pez,RP,-0.099,0.75
641154,Pablo L\xc3\xb3pez,SP,10.0,0.75
625643,Reynaldo L\xc3\xb3pez,SP,8.84,0.75
547179,Michael Lorenzen,SP,6.426,8.623
702795,Ryan Loutos,RP,0.024,0.452
663992,Richard Lovelady,RP,-1.053,0.661
695076,Rhett Lowder,SP,2.38,0.585
687922,Easton Lucas,RP,-0.168,0.52
664192,Joey Lucchesi,SP,0.006,1.197
607625,Seth Lugo,SP,10.0,15.381
666200,Jes\xc3\xbas Luzardo,SP,3.621,0.75
543475,Jordan Lyles,RP,0.051,1.312
663738,Daniel Lynch IV,RP,1.778,0.701
458681,Lance Lynn,SP,4.821,7.335
656671,Josh Maciejewski,RP,0.03,0.387
680744,Ty Madden,RP,-0.926,0.562
628317,Kenta Maeda,SP,4.814,6.372
641816,Tyler Mahle,SP,0.018,1.318
571912,Luke Maile,RP,-0.048,0.912
687424,Anthony Maldonado,RP,0.054,0.567
640455,Sean Manaea,SP,10.0,15.929
666159,Matt Manning,SP,2.106,0.548
666201,Alek Manoah,SP,-2.0,0.558
573009,Joe Mantiply,RP,0.826,3.913
676760,Ron Marinaccio,RP,0.861,0.612
608566,Germ\xc3\xa1n M\xc3\xa1rquez,SP,0.0,0.75
679525,Alec Marsh,SP,7.528,0.979
665896,Jos\xc3\xa9 Marte,RP,0.0,0.75
628708,Yunior Marte,RP,-2.0,0.887
455119,Chris Martin,RP,3.986,2.513
663436,Davis Martin,SP,3.504,0.875
679885,Justin Martinez,RP,6.025,0.582
607259,Nick Martinez,RP,9.55,5.612
661527,Seth Martinez,RP,-1.085,1.094
664208,Phil Maton,RP,0.694,2.373
673513,Yuki Matsui,RP,3.142,1.015
805673,Zebby Matthews,SP,2.524,0.579
676755,Isaac Mattson,RP,0.003,0.435
571927,Steven Matz,SP,-0.686,4.181
554431,Tyler Matzek,RP,-0.138,0.887
641835,Tim Mayza,RP,-2.956,2.98
800049,Adam Mazur,SP,-1.746,0.579
663704,James McArthur,RP,1.299,1.136
543510,James McCann,RP,-0.021,5.029
670766,Darren McCaughan,RP,-1.392,0.795
694646,Chayce McDermott,SP,-0.018,0.312
686790,Trevor McDonald,RP,0.027,0.525
519008,T.J. McFarland,RP,-1.397,1.924
543518,Scott McGough,RP,-2.03,2.604
700241,Michael McGreevy,SP,8.0,0.716
663474,Triston McKenzie,SP,2.294,0.694
656716,Zach McKinstry,RP,-0.015,0.326
669111,John McMillon,RP,0.195,0.64
607644,John Means,SP,8.0,5.104
683232,Nick Mears,RP,4.918,0.728
682989,Victor Mederos,RP,-0.093,0.428
665622,Luis Medina,SP,0.626,0.615
703231,James Meeker,RP,0.009,0.248
656730,Trevor Megill,RP,1.768,1.427
656731,Tylor Megill,SP,5.692,1.421
691441,Cristian Mena,SP,-0.051,0.342
664901,Danny Mendick,RP,0.012,0.568
675650,Michael Mercado,RP,-0.21,0.533
657240,Julian Merryweather,RP,-0.108,1.031
670223,Matt Mervis,RP,-0.051,0.341
676974,Max Meyer,SP,2.814,0.625
571945,Miles Mikolas,SP,9.185,10.043
489119,Wade Miley,SP,-0.027,0.971
676272,Bobby Miller,SP,1.703,0.602
682243,Bryce Miller,SP,10.0,0.772
669062,Erik Miller,RP,3.775,0.663
695243,Mason Miller,RP,8.861,0.55
680911,Owen Miller,RP,-0.033,0.199
668943,Ryan Miller,RP,0.0,0.581
571946,Shelby Miller,RP,0.753,2.485
668338,Tyson Miller,RP,0.442,1.096
571948,Hoby Milner,RP,2.207,2.418
621345,A.J. Minter,RP,0.05,1.329
664948,Anthony Misiewicz,RP,0.018,0.297
663554,Casey Mize,SP,4.815,0.903
669387,Carmen Mlodzinski,RP,1.724,0.59
683627,Anthony Molina,RP,0.906,0.543
594580,Sam Moll,RP,-0.753,2.301
593423,Frankie Montas,SP,9.823,6.983
672456,Keider Montero,SP,4.976,0.644
606160,Rafael Montero,RP,-3.0,2.504
656756,Jordan Montgomery,SP,4.647,9.818
682254,Mason Montgomery,RP,0.105,0.646
519043,Matt Moore,RP,-1.659,2.89
670970,Adri\xc3\xa1n Morej\xc3\xb3n,RP,3.684,0.75
669212,Eli Morgan,RP,0.133,0.797
450203,Charlie Morton,SP,8.596,13.31
666205,Kyle Muller,RP,0.893,0.626
662253,Andr\xc3\xa9s Mu\xc3\xb1oz,RP,3.701,0.75
682610,Roddery Mu\xc3\xb1oz,SP,3.464,0.75
605397,Joe Musgrove,SP,7.039,3.003
656786,Parker Mushinski,RP,-0.096,0.469
668964,Tobias Myers,SP,9.268,0.769
667297,Tommy Nance,RP,-0.607,1.576
677053,Andrew Nardi,RP,4.882,0.633
680897,Nick Nastrini,SP,-1.251,0.587
680891,Jack Neely,RP,-0.051,0.475
669459,Kyle Nelson,RP,0.018,0.536
656793,Nick Nelson,RP,-0.003,0.428
669194,Ryne Nelson,SP,10.0,1.003
593576,H\xc3\xa9ctor Neris,RP,1.173,0.75
656794,Sean Newcomb,RP,-0.021,0.543
693312,Kyle Nicolas,RP,1.169,0.573
657697,Vinny Nittoli,RP,0.114,1.21
605400,Aaron Nola,SP,10.0,11.329
673380,Dedniel N\xc3\xba\xc3\xb1ez,RP,3.727,0.75
676617,Riley O\'Brien,RP,0.0,0.75
672552,Jack O\'Loughlin,RP,0.0,0.75
641927,Bailey Ober,SP,10.0,3.37
595345,Steven Okert,RP,-1.573,2.273
670124,Adam Oller,SP,0.882,1.416
681857,Reese Olson,SP,9.192,0.702
672391,Kaleb Ort,RP,1.951,1.736
656814,Luis Ortiz,RP,0.897,1.187
682847,Luis Ortiz,RP,7.655,0.623
679358,Eric Orze,RP,-0.057,0.33
671305,Michel Ota\xc3\xb1ez,RP,4.374,0.75
493603,Adam Ottavino,RP,1.965,2.985
663978,Chris Paddack,SP,5.362,1.765
641941,Emilio Pag\xc3\xa1n,RP,1.62,0.75
694037,Daniel Palencia,RP,-0.045,0.531
669467,Andre Pallante,SP,7.234,0.583
660600,Enoli Paredes,RP,3.015,0.726
680730,Mitchell Parker,SP,9.839,0.638
641149,Wes Parsons,RP,-0.003,0.656
572020,James Paxton,SP,2.609,6.055
606303,Joel Payamps,RP,-0.044,1.923
663878,Nate Pearson,RP,2.654,0.8
665625,Elvis Peguero,RP,0.537,0.727
679156,Walter Pennington,RP,0.063,0.558
683068,Zach Penrod,RP,0.024,0.488
686752,Ryan Pepiot,SP,10.0,0.933
642547,Freddy Peralta,SP,10.0,3.242
678821,Luis Peralta,RP,0.246,0.581
671111,Sammy Peralta,RP,0.018,0.521
593974,Wandy Peralta,RP,-2.655,2.218
640902,Jhonny Pereda,RP,0.006,0.302
672335,Cionel P\xc3\xa9rez,RP,1.372,0.75
527048,Mart\xc3\xadn P\xc3\xa9rez,SP,6.429,0.75
656848,Michael Petersen,RP,-0.075,0.641
656849,David Peterson,SP,7.074,1.886
694297,Brandon Pfaadt,SP,10.0,0.451
623465,Evan Phillips,RP,1.85,1.558
663969,Tyler Phillips,SP,0.262,0.65
666207,Riley Pint,RP,-0.111,0.374
620982,Ricardo Pinto,RP,-0.159,0.378
601713,Nick Pivetta,SP,10.0,6.999
668676,Zach Plesac,SP,-0.087,1.198
621363,Colin Poche,RP,-1.141,1.591
647315,Zach Pop,RP,-1.075,0.875
547001,Cody Poteet,SP,8.0,1.486
700249,Cade Povich,SP,4.08,0.604
668472,Nick Pratto,RP,0.012,0.416
519151,Ryan Pressly,RP,1.099,3.319
682990,Quinn Priester,SP,1.886,0.577
643493,Austin Pruitt,RP,-0.09,1.53
640462,A.J. Puk,RP,4.808,1.397
615698,Cal Quantrill,SP,7.253,4.654
650671,Jos\xc3\xa9 Quijada,RP,0.0,0.75
500779,Jose Quintana,SP,10.0,13.218
666142,Cole Ragans,SP,10.0,1.631
663432,Tanner Rainey,RP,-1.507,1.536
548384,Brooks Raley,RP,0.153,0.908
642629,Emmanuel Ramirez,RP,-1.404,0.712
541640,Erasmo Ram\xc3\xadrez,RP,0.0,0.75
598286,Nick Ramirez,RP,-0.075,1.16
670990,Yohan Ram\xc3\xadrez,RP,2.249,0.75
656876,Drew Rasmussen,RP,3.038,0.726
592662,Robbie Ray,SP,2.101,3.881
607067,Colin Rea,SP,8.244,7.237
656887,Sean Reid-Foley,RP,0.74,0.626
622103,Gerardo Reyes,RP,-0.018,0.574
622569,Pablo Reyes,RP,0.012,0.568
669308,Sean Reynolds,RP,0.102,0.646
687377,Orlando Ribalta,RP,-0.042,0.443
670950,Trevor Richards,RP,0.62,1.952
680689,Lyon Richardson,RP,-0.03,0.531
660844,Leo Rivas,RP,0.0,0.4
656896,Emmanuel Rivera,RP,-0.021,0.435
642016,Daniel Robert,RP,0.027,0.445
681799,Ethan Roberts,RP,0.849,0.553
502085,David Robertson,RP,4.173,2.775
687798,Nick Robertson,RP,0.021,0.53
677958,Kumar Rocker,SP,0.0,0.54
607074,Carlos Rod\xc3\xb3n,SP,10.0,0.75
692230,Carlos Rodriguez,SP,-0.117,0.587
593958,Eduardo Rodr\xc3\xadguez,SP,1.35,0.75
680570,Grayson Rodriguez,SP,10.0,0.628
570257,Joely Rodr\xc3\xadguez,RP,0.0,0.75
655889,Manuel Rodr\xc3\xadguez,RP,-0.035,0.75
678495,Randy Rodr\xc3\xadguez,RP,3.609,0.75
684320,Yariel Rodr\xc3\xadguez,SP,5.82,0.75
666720,Yerry Rodr\xc3\xadguez,RP,0.0,0.75
642028,Josh Rogers,RP,-0.027,0.615
573124,Taylor Rogers,RP,1.019,2.968
669432,Trevor Rogers,SP,5.828,0.736
643511,Tyler Rogers,RP,1.858,3.861
668942,Josh Rojas,RP,-0.012,0.459
500743,Miguel Rojas,RP,0.009,5.185
605447,Jordan Romano,RP,-0.099,0.593
668941,JoJo Romero,RP,-0.312,0.815
666163,Ben Rortvedt,RP,0.003,0.199
670046,Kenny Rosenberg,RP,-2.0,0.619
605452,Joe Ross,RP,2.967,2.317
694738,Landen Roupp,RP,1.904,0.598
688297,Chris Roycroft,RP,-0.206,0.609
614179,Jos\xc3\xa9 Ruiz,RP,1.498,0.75
671131,Jackson Rutledge,RP,0.054,0.53
657746,Joe Ryan,SP,10.0,4.327
689981,River Ryan,SP,8.0,0.693
656924,Ryder Ryan,RP,-0.864,0.75
685314,Andrew Saalfrank,RP,-0.084,0.412
681870,Erik Sabrowski,RP,0.18,0.607
674285,Eduardo Salazar,RP,1.589,0.617
519242,Chris Sale,SP,10.0,18.635
676614,Bryan Sammons,RP,5.4,1.14
650911,Cristopher S\xc3\xa1nchez,SP,10.0,0.75
664350,Sixto S\xc3\xa1nchez,RP,-1.376,0.75
680704,Nick Sandlin,RP,1.257,0.78
663776,Patrick Sandoval,SP,5.336,0.841
663485,Cole Sands,RP,5.152,0.704
593934,Miguel San\xc3\xb3,RP,0.0,0.75
642701,Dennis Santana,RP,2.951,1.006
663574,Tony Santillan,RP,3.323,0.653
666619,Gregory Santos,RP,-0.03,0.478
642048,Tayler Saucedo,RP,-0.974,1.736
669422,Matt Sauer,RP,-0.069,0.518
622250,Josh Sborz,RP,0.009,0.649
453286,Max Scherzer,SP,1.487,5.749
657376,Clarke Schmidt,SP,7.073,3.356
670167,John Schreiber,RP,0.328,1.805
680885,Spencer Schwellenbach,SP,10.0,0.658
681035,Christian Scott,SP,1.98,0.591
656945,Tanner Scott,RP,4.352,4.632
605463,Tayler Scott,RP,1.483,2.612
676664,JP Sears,SP,10.0,3.508
681882,Colin Selby,RP,0.06,0.492
673540,Kodai Senga,SP,0.027,0.699
622608,Antonio Senzatela,SP,-0.009,1.395
622663,Luis Severino,SP,10.0,10.312
623149,Paul Sewald,RP,0.16,2.342
543766,Bryan Shaw,RP,-0.06,0.806
592741,Chasen Shreve,RP,0.027,3.049
663767,Chase Shugart,RP,0.009,0.535
694363,Jared Shuster,RP,1.601,0.571
681217,Chase Silseth,SP,-0.057,0.555
608371,Lucas Sims,RP,-0.296,1.661
663903,Brady Singer,SP,10.0,2.016
694973,Paul Skenes,SP,10.0,0.597
669373,Tarik Skubal,SP,10.0,4.291
686580,Justin Slaten,RP,3.851,0.651
572143,Burch Smith,RP,0.136,2.528
671922,Cade Smith,RP,6.988,0.876
642086,Dominic Smith,RP,0.033,0.289
622098,Drew Smith,RP,0.054,0.678
656976,Pavin Smith,RP,0.009,0.302
519293,Will Smith,RP,-2.356,3.73
700363,AJ Smith-Shawver,SP,0.087,0.636
592767,Drew Smyly,RP,0.017,2.232
669912,Kirby Snead,RP,0.006,0.625
605483,Blake Snell,SP,10.0,3.064
676092,Collin Snider,RP,1.246,0.78
666277,George Soriano,RP,-2.0,0.545
667755,Jos\xc3\xa9 Soriano,SP,6.903,0.75
647336,Michael Soroka,RP,4.431,0.707
642397,Gregory Soto,RP,2.414,1.263
666208,Alex Speas,RP,0.003,0.199
642100,Gabe Speier,RP,-1.341,0.785
687765,Mitch Spence,SP,10.0,1.017
686730,Carson Spiers,RP,4.973,0.738
605488,Jeffrey Springs,SP,2.961,3.156
592773,Ryne Stanek,RP,2.716,3.479
622251,Josh Staumont,RP,0.68,1.217
657006,Justin Steele,SP,10.0,1.732
683021,Michael Stefanic,RP,0.009,0.302
623451,Jackson Stephens,RP,0.015,0.513
686993,Justin Sterner,RP,0.006,0.457
592779,Brock Stewart,RP,-0.024,1.194
694813,Gavin Stone,SP,10.0,0.759
621381,Matt Strahm,RP,3.592,3.468
608717,Chris Stratton,RP,-1.528,2.85
676702,Hunter Stratton,RP,0.713,0.659
519326,Hunter Strickland,RP,-0.884,2.666
675911,Spencer Strider,SP,-0.03,0.58
548389,Ross Stripling,SP,0.782,4.426
573186,Marcus Stroman,SP,7.305,9.135
657265,Peter Strzelecki,RP,0.066,0.648
596117,Garrett Stubbs,RP,-0.066,0.615
544150,Albert Su\xc3\xa1rez,SP,6.782,0.75
660761,Jos\xc3\xa9 Suarez,RP,3.798,0.75
624133,Ranger Su\xc3\xa1rez,SP,10.0,0.75
663158,Robert Suarez,RP,1.348,2.82
593833,Wander Suero,RP,0.0,1.58
642121,Cole Sulser,RP,0.126,1.372
608718,Brent Suter,RP,-0.168,2.37
657024,Erik Swanson,RP,-0.495,1.453
592791,Jameson Taillon,SP,10.0,10.423
622253,Dillon Tate,RP,-1.681,1.098
700187,Troy Taylor,RP,0.027,0.538
527054,Julio Teheran,SP,-0.06,0.651
642133,Rowdy Tellez,RP,-0.006,0.297
678906,Kai-Wei Teng,RP,-0.081,0.523
573204,Caleb Thielbar,RP,-0.04,5.114
624522,Keegan Thompson,RP,0.203,0.855
657044,Ryan Thompson,RP,0.655,2.732
668868,Zack Thompson,RP,-0.195,0.542
663423,Trent Thornton,RP,2.078,2.023
689672,Drew Thorpe,SP,-0.265,0.575
622786,Jes\xc3\xbas Tinoco,RP,1.344,0.75
543859,Michael Tonkin,RP,2.284,2.342
623437,Justin Topa,RP,0.051,1.096
620443,Luis Torrens,RP,0.003,0.302
657053,Touki Toussaint,RP,-2.0,0.602
595014,Blake Treinen,RP,2.351,3.432
624431,Jose Trevino,RP,-0.024,0.454
657061,Cole Tucker,RP,0.009,0.226
605513,Spencer Turnbull,RP,2.38,1.706
667725,Kyle Tyler,SP,0.023,0.64
670955,Edwin Uceta,RP,5.275,0.611
570632,Jos\xc3\xa9 Ure\xc3\xb1a,RP,3.673,0.75
682842,Abner Uribe,RP,-0.132,0.52
683822,Naoyuki Uwasawa,RP,0.036,0.544
664285,Framber Valdez,SP,10.0,7.551
676568,Ricky Vanasco,RP,-0.003,0.485
545121,Ildemaro Vargas,RP,0.003,1.113
681402,Gus Varland,RP,1.059,0.677
686973,Louis Varland,RP,2.703,0.604
681190,Randy V\xc3\xa1squez,SP,3.094,0.75
685107,Anthony Veneziano,RP,0.057,0.552
434378,Justin Verlander,SP,3.133,3.945
681911,Alex Vesia,RP,1.816,1.009
663989,Nick Vespi,RP,0.06,0.598
676684,Will Vest,RP,2.041,1.273
600986,Thyago Vieira,RP,-0.28,1.18
681871,Eli Villalobos,RP,0.033,0.428
670241,Darius Vines,RP,-0.141,0.506
680767,Victor Vodnik,RP,1.739,0.534
608723,Austin Voth,RP,1.101,2.744
608379,Michael Wacha,SP,10.0,13.207
621097,Jacob Waguespack,RP,-0.024,0.508
694462,Hurston Waldrep,SP,-0.18,0.56
663362,Matt Waldron,SP,10.0,0.912
677020,Josh Walker,RP,0.0,0.615
676254,Ryan Walker,RP,5.024,1.54
592836,Taijuan Walker,SP,-0.366,4.548
670242,Matt Wallner,RP,0.015,0.187
686796,Blake Walston,RP,-0.024,0.534
689958,Andrew Walters,RP,0.093,0.572
622268,Donovan Walton,RP,0.009,0.573
681806,Andrew Wantz,RP,-0.006,0.178
681810,Austin Warren,RP,0.075,0.615
701542,Will Warren,SP,-2.0,0.343
677960,Ryan Weathers,SP,7.164,0.616
596133,Luke Weaver,RP,5.908,1.918
657097,Jacob Webb,RP,0.493,2.01
657277,Logan Webb,SP,10.0,3.611
607179,Jordan Weems,RP,-1.703,2.622
669711,Greg Weissert,RP,0.456,1.35
669330,Tyler Wells,SP,-0.075,1.564
666214,Joey Wentz,RP,3.581,0.641
669713,Hayden Wesneski,RP,3.039,0.642
554430,Zack Wheeler,SP,10.0,18.019
669952,Mitch White,RP,-2.0,0.706
669391,Owen White,RP,-0.084,0.538
666215,Forrest Whitley,RP,0.0,0.445
676477,Garrett Whitlock,SP,0.246,0.958
696136,Jordan Wicks,SP,1.402,0.573
642207,Devin Williams,RP,4.658,1.057
668909,Gavin Williams,SP,5.479,0.596
663897,Luke Williams,RP,0.006,0.463
592866,Trevor Williams,SP,4.237,12.322
682227,Brandon Williamson,SP,0.078,0.634
686294,Amos Willingham,RP,-0.018,0.426
669060,Bryse Wilson,RP,4.014,0.637
458677,Justin Wilson,RP,0.011,3.05
621051,Steven Wilson,RP,-1.285,1.002
642215,Weston Wilson,RP,0.009,0.248
642216,Allan Winans,SP,-0.177,0.519
670174,Josh Winckowski,RP,2.772,0.655
680739,Josh Winder,RP,0.033,0.485
622259,Trey Wingenter,RP,-0.051,0.559
668390,Cole Winn,RP,-0.135,0.52
676775,Keaton Winn,SP,2.127,0.778
621550,Patrick Wisdom,RP,0.003,1.396
693433,Bryan Woo,SP,10.0,0.626
622072,Alex Wood,SP,-0.895,3.068
663765,Jake Woodford,SP,-1.556,0.697
680573,Simeon Woods Richardson,SP,8.954,0.628
680736,Justin Wrobleski,SP,-1.036,0.56
808967,Yoshinobu Yamamoto,SP,9.99,0.638
642232,Ryan Yarbrough,RP,0.551,1.932
573262,Mike Yastrzemski,RP,-0.021,1.636
489446,Kirby Yates,RP,3.963,5.862
622065,Alex Young,RP,0.084,0.7
664849,Danny Young,RP,1.238,1.672
642239,Rob Zastryzny,RP,0.093,1.111
666171,Ryan Zeferjahn,RP,0.144,0.603
672582,Angel Zerpa,RP,0.648,0.617
676604,Tyler Zuber,RP,0.021,0.442
691172,Yosver Zulueta,RP,0.018,0.534
670871,Guillo Zu\xc3\xb1iga,RP,0.0,0.75
